station_cd,new_line_cd,numbering,note
1130101,11301,JT01,東京
1130102,11301,JT02,新橋
1130103,11301,JT03,品川
1130104,11301,JT04,川崎
1130105,11301,JT05,横浜
1130106,11301,JT06,戸塚
1130107,11301,JT07,大船
1130108,11301,JT08,藤沢
1130109,11301,JT09,辻堂
1130110,11301,JT10,茅ケ崎
1130111,11301,JT11,平塚
1130112,11301,JT12,大磯
1130113,11301,JT13,二宮
1130114,11301,JT14,国府津
1130115,11301,JT15,鴨宮
1130116,11301,JT16,小田原
1130117,11301,JT17,早川
1130118,11301,JT18,根府川
1130119,11301,JT19,真鶴
1130120,11301,JT20,湯河原
1130121,11301,JT21,熱海
1130201,11302,JY24,大崎
1130202,11302,JY23,五反田
1130203,11302,JY22,目黒
1130204,11302,JY21,恵比寿
1130205,11302,JY20,渋谷
1130206,11302,JY19,原宿
1130207,11302,JY18,代々木
1130208,11302,JY17,新宿
1130209,11302,JY16,新大久保
1130210,11302,JY15,高田馬場
1130211,11302,JY14,目白
1130212,11302,JY13,池袋
1130213,11302,JY12,大塚
1130214,11302,JY11,巣鴨
1130215,11302,JY10,駒込
1130216,11302,JY09,田端
1130217,11302,JY08,西日暮里
1130218,11302,JY07,日暮里
1130219,11302,JY06,鶯谷
1130220,11302,JY05,上野
1130221,11302,JY04,御徒町
1130222,11302,JY03,秋葉原
1130223,11302,JY02,神田
1130224,11302,JY01,東京
1130225,11302,JY30,有楽町
1130226,11302,JY29,新橋
1130227,11302,JY28,浜松町
1130228,11302,JY27,田町
1130230,11302,JY26,高輪ゲートウェイ
1130229,11302,JY25,品川
1130301,11303,JN01,川崎
1130302,11303,JN02,尻手
1130303,11303,JN03,矢向
1130304,11303,JN04,鹿島田
1130305,11303,JN05,平間
1130306,11303,JN06,向河原
1130307,11303,JN07,武蔵小杉
1130308,11303,JN08,武蔵中原
1130309,11303,JN09,武蔵新城
1130310,11303,JN10,武蔵溝ノ口
1130311,11303,JN11,津田山
1130312,11303,JN12,久地
1130313,11303,JN13,宿河原
1130314,11303,JN14,登戸
1130315,11303,JN15,中野島
1130316,11303,JN16,稲田堤
1130317,11303,JN17,矢野口
1130318,11303,JN18,稲城長沼
1130319,11303,JN19,南多摩
1130320,11303,JN20,府中本町
1130321,11303,JN21,分倍河原
1130329,11303,JN22,西府
1130322,11303,JN23,谷保
1130323,11303,JN24,矢川
1130324,11303,JN25,西国立
1130325,11303,JN26,立川
1130326,11303,JN51,八丁畷
1130327,11303,JN52,川崎新町
1130330,11303,JN53,小田栄
1130328,11303,JN54,浜川崎
1130401,11304,JI01,鶴見
1130402,11304,JI02,国道
1130403,11304,JI03,鶴見小野
1130404,11304,JI04,弁天橋
1130405,11304,JI05,浅野
1130406,11304,JI51,新芝浦
1130407,11304,JI52,海芝浦
1130408,11304,JI06,安善
1130409,11304,JI61,大川
1130410,11304,JI07,武蔵白石
1130411,11304,JI08,浜川崎
1130412,11304,JI09,昭和
1130413,11304,JI10,扇町
1130501,11305,JM35,府中本町
1130502,11305,JM34,北府中
1130503,11305,JM33,西国分寺
1130504,11305,JM32,新小平
1130505,11305,JM31,新秋津
1130506,11305,JM30,東所沢
1130507,11305,JM29,新座
1130508,11305,JM28,北朝霞
1130509,11305,JM27,西浦和
1130510,11305,JM26,武蔵浦和
1130511,11305,JM25,南浦和
1130512,11305,JM24,東浦和
1130513,11305,JM23,東川口
1130514,11305,JM22,南越谷
1130525,11305,JM21,越谷レイクタウン
1130515,11305,JM20,吉川
1130526,11305,JM19,吉川美南
1130516,11305,JM18,新三郷
1130517,11305,JM17,三郷
1130518,11305,JM16,南流山
1130519,11305,JM15,新松戸
1130520,11305,JM14,新八柱
1130521,11305,JM13,東松戸
1130522,11305,JM12,市川大野
1130523,11305,JM11,船橋法典
1130524,11305,JM10,西船橋
1130601,11306,JH13,東神奈川
1130602,11306,JH14,大口
1130603,11306,JH15,菊名
1130604,11306,JH16,新横浜
1130605,11306,JH17,小机
1130606,11306,JH18,鴨居
1130607,11306,JH19,中山
1130608,11306,JH20,十日市場
1130609,11306,JH21,長津田
1130610,11306,JH22,成瀬
1130611,11306,JH23,町田
1130612,11306,JH24,古淵
1130613,11306,JH25,淵野辺
1130614,11306,JH26,矢部
1130615,11306,JH27,相模原
1130616,11306,JH28,橋本
1130617,11306,JH29,相原
1130618,11306,JH30,八王子みなみ野
1130619,11306,JH31,片倉
1130620,11306,JH32,八王子
1130701,11307,JK12,横浜
1130702,11307,JK11,桜木町
1130703,11307,JK10,関内
1130704,11307,JK09,石川町
1130705,11307,JK08,山手
1130706,11307,JK07,根岸
1130707,11307,JK06,磯子
1130708,11307,JK05,新杉田
1130709,11307,JK04,洋光台
1130710,11307,JK03,港南台
1130711,11307,JK02,本郷台
1130712,11307,JK01,大船
1130801,11308,JO19,東京
1130802,11308,JO18,新橋
1130803,11308,JO17,品川
1130804,11308,JO16,西大井
1130819,11308,JO15,武蔵小杉
1130805,11308,JO14,新川崎
1130806,11308,JO13,横浜
1130807,11308,JO12,保土ケ谷
1130808,11308,JO11,東戸塚
1130809,11308,JO10,戸塚
1130810,11308,JO09,大船
1130811,11308,JO08,北鎌倉
1130812,11308,JO07,鎌倉
1130813,11308,JO06,逗子
1130814,11308,JO05,東逗子
1130815,11308,JO04,田浦
1130816,11308,JO03,横須賀
1130817,11308,JO02,衣笠
1130818,11308,JO01,久里浜
1131112,11311,JC24,高尾
1131113,11311,JC25,相模湖
1131114,11311,JC26,藤野
1131115,11311,JC27,上野原
1131116,11311,JC28,四方津
1131117,11311,JC29,梁川
1131118,11311,JC30,鳥沢
1131119,11311,JC31,猿橋
1131120,11311,JC32,大月
1131121,11311,CO33,初狩
1131122,11311,CO34,笹子
1131123,11311,CO35,甲斐大和
1131124,11311,CO36,勝沼ぶどう郷
1131125,11311,CO37,塩山
1131126,11311,CO38,東山梨
1131127,11311,CO39,山梨市
1131128,11311,CO40,春日居町
1131129,11311,CO41,石和温泉
1131130,11311,CO42,酒折
1131131,11311,CO43,甲府
1131132,11311,CO44,竜王
1131133,11311,CO45,塩崎
1131134,11311,CO46,韮崎
1131135,11311,CO47,新府
1131136,11311,CO48,穴山
1131137,11311,CO49,日野春
1131138,11311,CO50,長坂
1131139,11311,CO51,小淵沢
1131201,11312,JC01,東京
1131202,11312,JC02,神田
1131203,11312,JC03,御茶ノ水
1131207,11312,JC04,四ツ谷
1131211,11312,JC05,新宿
1131214,11312,JC06,中野
1131215,11312,JC07,高円寺
1131216,11312,JC08,阿佐ケ谷
1131217,11312,JC09,荻窪
1131218,11312,JC10,西荻窪
1131219,11312,JC11,吉祥寺
1131220,11312,JC12,三鷹
1131221,11312,JC13,武蔵境
1131222,11312,JC14,東小金井
1131223,11312,JC15,武蔵小金井
1131224,11312,JC16,国分寺
1131225,11312,JC17,西国分寺
1131226,11312,JC18,国立
1131227,11312,JC19,立川
1131228,11312,JC20,日野
1131229,11312,JC21,豊田
1131230,11312,JC22,八王子
1131231,11312,JC23,西八王子
1131232,11312,JC24,高尾
1131301,11313,JB01,三鷹
1131302,11313,JB02,吉祥寺
1131303,11313,JB03,西荻窪
1131304,11313,JB04,荻窪
1131305,11313,JB05,阿佐ケ谷
1131306,11313,JB06,高円寺
1131307,11313,JB07,中野
1131308,11313,JB08,東中野
1131309,11313,JB09,大久保
1131310,11313,JB10,新宿
1131311,11313,JB11,代々木
1131312,11313,JB12,千駄ケ谷
1131313,11313,JB13,信濃町
1131314,11313,JB14,四ツ谷
1131315,11313,JB15,市ケ谷
1131316,11313,JB16,飯田橋
1131317,11313,JB17,水道橋
1131318,11313,JB18,御茶ノ水
1131319,11313,JB19,秋葉原
1131320,11313,JB20,浅草橋
1131321,11313,JB21,両国
1131322,11313,JB22,錦糸町
1131323,11313,JB23,亀戸
1131324,11313,JB24,平井
1131325,11313,JB25,新小岩
1131326,11313,JB26,小岩
1131327,11313,JB27,市川
1131328,11313,JB28,本八幡
1131329,11313,JB29,下総中山
1131330,11313,JB30,西船橋
1131331,11313,JB31,船橋
1131332,11313,JB32,東船橋
1131333,11313,JB33,津田沼
1131334,11313,JB34,幕張本郷
1131335,11313,JB35,幕張
1131336,11313,JB36,新検見川
1131337,11313,JB37,稲毛
1131338,11313,JB38,西千葉
1131339,11313,JB39,千葉
1131401,91131401,JO19,東京
1131402,91131401,JO20,新日本橋
1131403,91131401,JO21,馬喰町
1131404,91131401,JO22,錦糸町
1131405,91131401,JO23,新小岩
1131406,91131401,JO24,市川
1131407,91131401,JO25,船橋
1131408,91131401,JO26,津田沼
1131409,91131401,JO27,稲毛
1131410,91131401,JO28,千葉（総武快速線）
1131410,91131402,JO28,千葉（総武本線）
1131411,91131402,JO29,東千葉
1131412,91131402,JO30,都賀
1131413,91131402,JO31,四街道
1131414,91131402,JO32,物井
1131415,91131402,JO33,佐倉
1131501,11315,JC19,立川
1131502,11315,JC51,西立川
1131503,11315,JC52,東中神
1131504,11315,JC53,中神
1131505,11315,JC54,昭島
1131506,11315,JC55,拝島
1131507,11315,JC56,牛浜
1131508,11315,JC57,福生
1131509,11315,JC58,羽村
1131510,11315,JC59,小作
1131511,11315,JC60,河辺
1131512,11315,JC61,東青梅
1131513,11315,JC62,青梅
1131514,11315,JC63,宮ノ平
1131515,11315,JC64,日向和田
1131516,11315,JC65,石神前
1131517,11315,JC66,二俣尾
1131518,11315,JC67,軍畑
1131519,11315,JC68,沢井
1131520,11315,JC69,御嶽
1131521,11315,JC70,川井
1131522,11315,JC71,古里
1131523,11315,JC72,鳩ノ巣
1131524,11315,JC73,白丸
1131525,11315,JC74,奥多摩
1131601,11316,JC55,拝島
1131602,11316,JC81,熊川
1131603,11316,JC82,東秋留
1131604,11316,JC83,秋川
1131605,11316,JC84,武蔵引田
1131606,11316,JC85,武蔵増戸
1131607,11316,JC86,武蔵五日市
1131901,11319,JU02,上野
1131902,11319,JU03,尾久
1131903,11319,JU04,赤羽
1131904,11319,JU05,浦和
1131905,11319,JU06,さいたま新都心
1131906,11319,JU07,大宮
1132001,91132001,JJ01,上野
1132002,91132001,JJ02,日暮里
1132003,91132001,JJ03,三河島
1132004,91132001,JJ04,南千住
1132005,91132001,JJ05,北千住（快速）
1132009,91132001,JJ06,松戸（快速）
1132015,91132001,JJ07,柏（快速）
1132017,91132001,JJ08,我孫子（快速）
1132018,91132001,JJ09,天王台（快速）
1122901,91132001,JJ10,取手（快速）
1132006,91132002,JL19,綾瀬
1132007,91132002,JL20,亀有
1132008,91132002,JL21,金町
1132009,91132002,JL22,松戸（各駅停車）
1132010,91132002,JL23,北松戸
1132011,91132002,JL24,馬橋
1132012,91132002,JL25,新松戸
1132013,91132002,JL26,北小金
1132014,91132002,JL27,南柏
1132015,91132002,JL28,柏（各駅停車）
1132016,91132002,JL29,北柏
1132017,91132002,JL30,我孫子（各駅停車）
1132018,91132002,JL31,天王台（各駅停車）
1122901,91132002,JL32,取手（各駅停車）
1132101,11321,JA08,大崎
1132102,11321,JA09,恵比寿
1132103,11321,JA10,渋谷
1132104,11321,JA11,新宿
1132105,11321,JA12,池袋
1132106,11321,JA13,板橋
1132107,11321,JA14,十条
1132108,11321,JA15,赤羽
1132109,11321,JA16,北赤羽
1132110,11321,JA17,浮間舟渡
1132111,11321,JA18,戸田公園
1132112,11321,JA19,戸田
1132113,11321,JA20,北戸田
1132114,11321,JA21,武蔵浦和
1132115,11321,JA22,中浦和
1132116,11321,JA23,南与野
1132117,11321,JA24,与野本町
1132118,11321,JA25,北与野
1132119,11321,JA26,大宮
1132301,11323,JU02,上野
1132302,11323,JU03,尾久
1132303,11323,JU04,赤羽
1132304,11323,JU05,浦和
1132305,11323,JU06,さいたま新都心
1132306,11323,JU07,大宮
1132601,11326,JE01,東京
1132602,11326,JE02,八丁堀
1132603,11326,JE03,越中島
1132604,11326,JE04,潮見
1132605,11326,JE05,新木場
1132606,11326,JE06,葛西臨海公園
1132607,11326,JE07,舞浜
1132608,11326,JE08,新浦安
1132609,11326,JE09,市川塩浜
1132610,11326,JM10,西船橋
1132611,11326,JE10,二俣新町
1132612,11326,JE11,南船橋
1132613,11326,JE12,新習志野
1132614,11326,JE13,海浜幕張
1132615,11326,JE14,検見川浜
1132616,11326,JE15,稲毛海岸
1132617,11326,JE16,千葉みなと
1132701,11327,JO33,佐倉
1132702,11327,JO34,酒々井
1132703,11327,JO35,成田
1132704,11327,JO36,空港第２ビル
1132705,11327,JO37,成田空港
1133201,11332,JK47,大宮
1133202,11332,JK46,さいたま新都心
1133203,11332,JK45,与野
1133204,11332,JK44,北浦和
1133205,11332,JK43,浦和
1133206,11332,JK42,南浦和
1133207,11332,JK41,蕨
1133208,11332,JK40,西川口
1133209,11332,JK39,川口
1133210,11332,JK38,赤羽
1133211,11332,JK37,東十条
1133212,11332,JK36,王子
1133213,11332,JK35,上中里
1133214,11332,JK34,田端
1133215,11332,JK33,西日暮里
1133216,11332,JK32,日暮里
1133217,11332,JK31,鶯谷
1133218,11332,JK30,上野
1133219,11332,JK29,御徒町
1133220,11332,JK28,秋葉原
1133221,11332,JK27,神田
1133222,11332,JK26,東京
1133223,11332,JK25,有楽町
1133224,11332,JK24,新橋
1133225,11332,JK23,浜松町
1133226,11332,JK22,田町
1133236,11332,JK21,高輪ゲートウェイ
1133227,11332,JK20,品川
1133228,11332,JK19,大井町
1133229,11332,JK18,大森
1133230,11332,JK17,蒲田
1133231,11332,JK16,川崎
1133232,11332,JK15,鶴見
1133233,11332,JK14,新子安
1133234,11332,JK13,東神奈川
1133235,11332,JK12,横浜
1133301,11333,JS24,大宮
1133316,11333,JS23,浦和
1133302,11333,JS22,赤羽
1133303,11333,JS21,池袋
1133304,11333,JS20,新宿
1133305,11333,JS19,渋谷
1133306,11333,JS18,恵比寿
1133307,11333,JS17,大崎
1133308,11333,JS16,西大井
1133315,11333,JS15,武蔵小杉
1133309,11333,JS14,新川崎
1133310,11333,JS13,横浜
1133311,11333,JS12,保土ケ谷
1133312,11333,JS11,東戸塚
1133313,11333,JS10,戸塚
1133314,11333,JS09,大船
2100101,21001,TJ01,池袋
2100102,21001,TJ02,北池袋
2100103,21001,TJ03,下板橋
2100104,21001,TJ04,大山
2100105,21001,TJ05,中板橋
2100106,21001,TJ06,ときわ台
2100107,21001,TJ07,上板橋
2100108,21001,TJ08,東武練馬
2100109,21001,TJ09,下赤塚
2100110,21001,TJ10,成増
2100111,21001,TJ11,和光市
2100112,21001,TJ12,朝霞
2100113,21001,TJ13,朝霞台
2100114,21001,TJ14,志木
2100115,21001,TJ15,柳瀬川
2100116,21001,TJ16,みずほ台
2100117,21001,TJ17,鶴瀬
2100118,21001,TJ18,ふじみ野
2100119,21001,TJ19,上福岡
2100120,21001,TJ20,新河岸
2100121,21001,TJ21,川越
2100122,21001,TJ22,川越市
2100123,21001,TJ23,霞ヶ関
2100124,21001,TJ24,鶴ヶ島
2100125,21001,TJ25,若葉
2100126,21001,TJ26,坂戸
2100127,21001,TJ27,北坂戸
2100128,21001,TJ28,高坂
2100129,21001,TJ29,東松山
2100130,21001,TJ30,森林公園
2100131,21001,TJ31,つきのわ
2100132,21001,TJ32,武蔵嵐山
2100133,21001,TJ33,小川町
2100134,21001,TJ34,東武竹沢
2100139,21001,TJ35,みなみ寄居
2100135,21001,TJ36,男衾
2100136,21001,TJ37,鉢形
2100137,21001,TJ38,玉淀
2100138,21001,TJ39,寄居
2100201,92100201,TS01,浅草
2100202,92100201,TS02,とうきょうスカイツリー
2100203,92100201,TS03,押上〈スカイツリー前〉
2100204,92100201,TS04,曳舟
2100205,92100201,TS05,東向島
2100206,92100201,TS06,鐘ヶ淵
2100207,92100201,TS07,堀切
2100208,92100201,TS08,牛田
2100209,92100201,TS09,北千住
2100210,92100201,TS10,小菅
2100211,92100201,TS11,五反野
2100212,92100201,TS12,梅島
2100213,92100201,TS13,西新井
2100214,92100201,TS14,竹ノ塚
2100215,92100201,TS15,谷塚
2100216,92100201,TS16,草加
2100217,92100201,TS17,獨協大学前〈草加松原〉
2100218,92100201,TS18,新田
2100219,92100201,TS19,蒲生
2100220,92100201,TS20,新越谷
2100221,92100201,TS21,越谷
2100222,92100201,TS22,北越谷
2100223,92100201,TS23,大袋
2100224,92100201,TS24,せんげん台
2100225,92100201,TS25,武里
2100226,92100201,TS26,一ノ割
2100227,92100201,TS27,春日部
2100228,92100201,TS28,北春日部
2100229,92100201,TS29,姫宮
2100230,92100201,TS30,東武動物公園（スカイツリーライン）
2100230,92100202,TS30,東武動物公園（伊勢崎線）
2100231,92100202,TI01,和戸
2100232,92100202,TI02,久喜
2100233,92100202,TI03,鷲宮
2100234,92100202,TI04,花崎
2100235,92100202,TI05,加須
2100236,92100202,TI06,南羽生
2100237,92100202,TI07,羽生
2100238,92100202,TI08,川俣
2100239,92100202,TI09,茂林寺前
2100240,92100202,TI10,館林
2100241,92100202,TI11,多々良
2100242,92100202,TI12,県
2100243,92100202,TI13,福居
2100244,92100202,TI14,東武和泉
2100245,92100202,TI15,足利市
2100246,92100202,TI16,野州山辺
2100247,92100202,TI17,韮川
2100248,92100202,TI18,太田
2100249,92100202,TI19,細谷
2100250,92100202,TI20,木崎
2100251,92100202,TI21,世良田
2100252,92100202,TI22,境町
2100253,92100202,TI23,剛志
2100254,92100202,TI24,新伊勢崎
2100255,92100202,TI25,伊勢崎
2100301,21003,TS30,東武動物公園（日光線）
2100302,21003,TN01,杉戸高野台
2100303,21003,TN02,幸手
2100304,21003,TN03,南栗橋
2100305,21003,TN04,栗橋
2100306,21003,TN05,新古河
2100307,21003,TN06,柳生
2100308,21003,TN07,板倉東洋大前
2100309,21003,TN08,藤岡
2100310,21003,TN09,静和
2100311,21003,TN10,新大平下
2100312,21003,TN11,栃木
2100313,21003,TN12,新栃木
2100314,21003,TN13,合戦場
2100315,21003,TN14,家中
2100316,21003,TN15,東武金崎
2100317,21003,TN16,楡木
2100318,21003,TN17,樅山
2100319,21003,TN18,新鹿沼
2100320,21003,TN19,北鹿沼
2100321,21003,TN20,板荷
2100322,21003,TN21,下小代
2100323,21003,TN22,明神
2100324,21003,TN23,下今市
2100325,21003,TN24,上今市
2100326,21003,TN25,東武日光
2100401,21004,TD01,大宮
2100402,21004,TD02,北大宮
2100403,21004,TD03,大宮公園
2100404,21004,TD04,大和田
2100405,21004,TD05,七里
2100406,21004,TD06,岩槻
2100407,21004,TD07,東岩槻
2100408,21004,TD08,豊春
2100409,21004,TD09,八木崎
2100410,21004,TD10,春日部
2100411,21004,TD11,藤の牛島
2100412,21004,TD12,南桜井
2100413,21004,TD13,川間
2100414,21004,TD14,七光台
2100415,21004,TD15,清水公園
2100416,21004,TD16,愛宕
2100417,21004,TD17,野田市
2100418,21004,TD18,梅郷
2100419,21004,TD19,運河
2100420,21004,TD20,江戸川台
2100421,21004,TD21,初石
2100422,21004,TD22,流山おおたかの森
2100423,21004,TD23,豊四季
2100424,21004,TD24,柏
2100425,21004,TD25,新柏
2100426,21004,TD26,増尾
2100427,21004,TD27,逆井
2100428,21004,TD28,高柳
2100429,21004,TD29,六実
2100430,21004,TD30,新鎌ヶ谷
2100431,21004,TD31,鎌ヶ谷
2100432,21004,TD32,馬込沢
2100433,21004,TD33,塚田
2100434,21004,TD34,新船橋
2100435,21004,TD35,船橋
2100501,21005,TS04,曳舟
2100502,21005,TS41,小村井
2100503,21005,TS42,東あずま
2100504,21005,TS43,亀戸水神
2100505,21005,TS44,亀戸
2100601,21006,TS13,西新井
2100602,21006,TS51,大師前
2100701,21007,TJ26,坂戸
2100702,21007,TJ41,一本松
2100703,21007,TJ42,西大家
2100704,21007,TJ43,川角
2100705,21007,TJ44,武州長瀬
2100706,21007,TJ45,東毛呂
2100707,21007,TJ46,武州唐沢
2100708,21007,TJ47,越生
2100801,21008,TN11,栃木
2100802,21008,TN12,新栃木
2100803,21008,TN31,野州平川
2100804,21008,TN32,野州大塚
2100805,21008,TN33,壬生
2100806,21008,TN34,国谷
2100807,21008,TN35,おもちゃのまち
2100808,21008,TN36,安塚
2100809,21008,TN37,西川田
2100810,21008,TN38,江曽島
2100811,21008,TN39,南宇都宮
2100812,21008,TN40,東武宇都宮
2100901,21009,TN23,下今市
2100902,21009,TN51,大谷向
2100903,21009,TN52,大桑
2100904,21009,TN53,新高徳
2100905,21009,TN54,小佐越
2100909,21009,TN55,東武ワールドスクウェア
2100906,21009,TN56,鬼怒川温泉
2100907,21009,TN57,鬼怒川公園
2100908,21009,TN58,新藤原
2101001,21010,TI10,館林
2101002,21010,TI31,渡瀬
2101003,21010,TI32,田島
2101004,21010,TI33,佐野市
2101005,21010,TI34,佐野
2101006,21010,TI35,堀米
2101007,21010,TI36,吉水
2101008,21010,TI37,田沼
2101009,21010,TI38,多田
2101010,21010,TI39,葛生
2101101,21011,TI18,太田
2101102,21011,TI51,三枚橋
2101103,21011,TI52,治良門橋
2101104,21011,TI53,藪塚
2101105,21011,TI54,阿左美
2101106,21011,TI55,新桐生
2101107,21011,TI56,相老
2101108,21011,TI57,赤城
2101201,21012,TI10,館林
2101202,21012,TI41,成島
2101203,21012,TI42,本中野
2101204,21012,TI43,篠塚
2101205,21012,TI44,東小泉
2101206,21012,TI45,小泉町
2101207,21012,TI46,西小泉
2101208,21012,TI18,太田
2101209,21012,TI47,竜舞
2200101,22001,SI01,池袋
2200102,22001,SI02,椎名町
2200103,22001,SI03,東長崎
2200104,22001,SI04,江古田
2200105,22001,SI05,桜台
2200106,22001,SI06,練馬
2200107,22001,SI07,中村橋
2200108,22001,SI08,富士見台
2200109,22001,SI09,練馬高野台
2200110,22001,SI10,石神井公園
2200111,22001,SI11,大泉学園
2200112,22001,SI12,保谷
2200113,22001,SI13,ひばりヶ丘
2200114,22001,SI14,東久留米
2200115,22001,SI15,清瀬
2200116,22001,SI16,秋津
2200131,22001,SI17,所沢
2200117,22001,SI18,西所沢
2200118,22001,SI19,小手指
2200119,22001,SI20,狭山ヶ丘
2200120,22001,SI21,武蔵藤沢
2200121,22001,SI22,稲荷山公園
2200122,22001,SI23,入間市
2200123,22001,SI24,仏子
2200124,22001,SI25,元加治
2200125,22001,SI26,飯能
2200126,22001,SI27,東飯能
2200127,22001,SI28,高麗
2200128,22001,SI29,武蔵横手
2200129,22001,SI30,東吾野
2200130,22001,SI31,吾野
2200201,22002,SI26,飯能
2200202,22002,SI27,東飯能
2200203,22002,SI28,高麗
2200204,22002,SI29,武蔵横手
2200205,22002,SI30,東吾野
2200206,22002,SI31,吾野
2200207,22002,SI32,西吾野
2200208,22002,SI33,正丸
2200209,22002,SI34,芦ヶ久保
2200210,22002,SI35,横瀬
2200212,22002,SI36,西武秩父
2200301,22003,SI37,小竹向原
2200302,22003,SI38,新桜台
2200303,22003,SI06,練馬
2200401,22004,SI06,練馬
2200402,22004,SI39,豊島園
2200501,22005,SI18,西所沢
2200502,22005,SI40,下山口
2200503,22005,SI41,西武球場前
2200601,22006,SY01,多摩湖
2200602,22006,SY02,西武園ゆうえんち
2200603,22006,SY03,西武球場前
2200701,22007,SS01,西武新宿
2200702,22007,SS02,高田馬場
2200703,22007,SS03,下落合
2200704,22007,SS04,中井
2200705,22007,SS05,新井薬師前
2200706,22007,SS06,沼袋
2200707,22007,SS07,野方
2200708,22007,SS08,都立家政
2200709,22007,SS09,鷺ノ宮
2200710,22007,SS10,下井草
2200711,22007,SS11,井荻
2200712,22007,SS12,上井草
2200713,22007,SS13,上石神井
2200714,22007,SS14,武蔵関
2200715,22007,SS15,東伏見
2200716,22007,SS16,西武柳沢
2200717,22007,SS17,田無
2200718,22007,SS18,花小金井
2200719,22007,SS19,小平
2200720,22007,SS20,久米川
2200721,22007,SS21,東村山
2200722,22007,SS22,所沢
2200723,22007,SS23,航空公園
2200724,22007,SS24,新所沢
2200725,22007,SS25,入曽
2200726,22007,SS26,狭山市
2200727,22007,SS27,新狭山
2200728,22007,SS28,南大塚
2200729,22007,SS29,本川越
2200801,22008,SS19,小平
2200802,22008,SS30,萩山
2200803,22008,SS31,小川
2200804,22008,SS32,東大和市
2200805,22008,SS33,玉川上水
2200806,22008,SS34,武蔵砂川
2200807,22008,SS35,西武立川
2200808,22008,SS36,拝島
2200901,22009,SK05,東村山
2200902,22009,SK06,西武園
2201001,22010,SK01,国分寺
2201002,22010,SK02,恋ヶ窪
2201003,22010,SK03,鷹の台
2201004,22010,SK04,小川
2201005,22010,SK05,東村山
2201101,22011,ST01,国分寺
2201102,22011,ST02,一橋学園
2201103,22011,ST03,青梅街道
2201105,22011,ST04,萩山
2201106,22011,ST05,八坂
2201107,22011,ST06,武蔵大和
2201108,22011,ST07,多摩湖
2201201,22012,SW01,武蔵境
2201202,22012,SW02,新小金井
2201203,22012,SW03,多磨
2201204,22012,SW04,白糸台
2201205,22012,SW05,競艇場前
2201206,22012,SW06,是政
2300101,23001,KS01,京成上野
2300102,23001,KS02,日暮里
2300103,23001,KS03,新三河島
2300104,23001,KS04,町屋
2300105,23001,KS05,千住大橋
2300106,23001,KS06,京成関屋
2300107,23001,KS07,堀切菖蒲園
2300108,23001,KS08,お花茶屋
2300109,23001,KS09,青砥
2300110,23001,KS10,京成高砂
2300111,23001,KS11,京成小岩
2300112,23001,KS12,江戸川
2300113,23001,KS13,国府台
2300114,23001,KS14,市川真間
2300115,23001,KS15,菅野
2300116,23001,KS16,京成八幡
2300117,23001,KS17,鬼越
2300118,23001,KS18,京成中山
2300119,23001,KS19,東中山
2300120,23001,KS20,京成西船
2300121,23001,KS21,海神
2300122,23001,KS22,京成船橋
2300123,23001,KS23,大神宮下
2300124,23001,KS24,船橋競馬場
2300125,23001,KS25,谷津
2300126,23001,KS26,京成津田沼
2300127,23001,KS27,京成大久保
2300128,23001,KS28,実籾
2300129,23001,KS29,八千代台
2300130,23001,KS30,京成大和田
2300131,23001,KS31,勝田台
2300132,23001,KS32,志津
2300133,23001,KS33,ユーカリが丘
2300134,23001,KS34,京成臼井
2300135,23001,KS35,京成佐倉
2300136,23001,KS36,大佐倉
2300137,23001,KS37,京成酒々井
2300138,23001,KS38,宗吾参道
2300139,23001,KS39,公津の杜
2300140,23001,KS40,京成成田
2300141,23001,KS44,東成田
2300142,23001,KS41,空港第２ビル
2300143,23001,KS42,成田空港
2300201,23002,KS45,押上
2300202,23002,KS46,京成曳舟
2300203,23002,KS47,八広
2300204,23002,KS48,四ツ木
2300205,23002,KS49,京成立石
2300206,23002,KS09,青砥
2300207,23002,KS10,京成高砂
2300301,23003,KS10,京成高砂
2300302,23003,KS50,柴又
2300303,23003,KS51,京成金町
2300401,23004,KS26,京成津田沼
2300402,23004,KS52,京成幕張本郷
2300403,23004,KS53,京成幕張
2300404,23004,KS54,検見川
2300405,23004,KS55,京成稲毛
2300406,23004,KS56,みどり台
2300407,23004,KS57,西登戸
2300408,23004,KS58,新千葉
2300409,23004,KS59,京成千葉
2300410,23004,KS60,千葉中央
2300501,23005,KS60,千葉中央
2300502,23005,KS61,千葉寺
2300503,23005,KS62,大森台
2300504,23005,KS63,学園前
2300505,23005,KS64,おゆみ野
2300506,23005,KS65,ちはら台
2300601,23006,KS01,京成上野
2300602,23006,KS02,日暮里
2300603,23006,KS09,青砥
2300604,23006,KS10,京成高砂
2300605,23006,HS05,東松戸
2300606,23006,HS08,新鎌ヶ谷
2300607,23006,HS12,千葉ニュータウン中央
2300608,23006,HS14,印旛日本医大
2300609,23006,KS43,成田湯川
2300610,23006,KS41,空港第２ビル
2300611,23006,KS42,成田空港
2400101,24001,KO01,新宿
2400104,24001,KO04,笹塚
2400105,24001,KO05,代田橋
2400106,24001,KO06,明大前
2400107,24001,KO07,下高井戸
2400108,24001,KO08,桜上水
2400109,24001,KO09,上北沢
2400110,24001,KO10,八幡山
2400111,24001,KO11,芦花公園
2400112,24001,KO12,千歳烏山
2400113,24001,KO13,仙川
2400114,24001,KO14,つつじヶ丘
2400115,24001,KO15,柴崎
2400116,24001,KO16,国領
2400117,24001,KO17,布田
2400118,24001,KO18,調布
2400119,24001,KO19,西調布
2400120,24001,KO20,飛田給
2400121,24001,KO21,武蔵野台
2400122,24001,KO22,多磨霊園
2400123,24001,KO23,東府中
2400124,24001,KO24,府中
2400125,24001,KO25,分倍河原
2400126,24001,KO26,中河原
2400127,24001,KO27,聖蹟桜ヶ丘
2400128,24001,KO28,百草園
2400129,24001,KO29,高幡不動
2400130,24001,KO30,南平
2400131,24001,KO31,平山城址公園
2400132,24001,KO32,長沼
2400133,24001,KO33,北野
2400134,24001,KO34,京王八王子
2400201,24002,KO08,調布
2400202,24002,KO35,京王多摩川
2400203,24002,KO36,京王稲田堤
2400204,24002,KO37,京王よみうりランド
2400205,24002,KO38,稲城
2400206,24002,KO39,若葉台
2400207,24002,KO40,京王永山
2400208,24002,KO41,京王多摩センター
2400209,24002,KO42,京王堀之内
2400210,24002,KO43,南大沢
2400211,24002,KO44,多摩境
2400212,24002,KO45,橋本
2400301,24003,KO33,北野
2400302,24003,KO48,京王片倉
2400303,24003,KO49,山田
2400304,24003,KO50,めじろ台
2400305,24003,KO51,狭間
2400306,24003,KO52,高尾
2400307,24003,KO53,高尾山口
2400401,24004,KO23,東府中
2400402,24004,KO46,府中競馬正門前
2400501,24005,KO29,高幡不動
2400502,24005,KO47,多摩動物公園
2400601,24006,IN01,渋谷
2400602,24006,IN02,神泉
2400603,24006,IN03,駒場東大前
2400604,24006,IN04,池ノ上
2400605,24006,IN05,下北沢
2400606,24006,IN06,新代田
2400607,24006,IN07,東松原
2400608,24006,IN08,明大前
2400609,24006,IN09,永福町
2400610,24006,IN10,西永福
2400611,24006,IN11,浜田山
2400612,24006,IN12,高井戸
2400613,24006,IN13,富士見ヶ丘
2400614,24006,IN14,久我山
2400615,24006,IN15,三鷹台
2400616,24006,IN16,井の頭公園
2400617,24006,IN17,吉祥寺
2400701,24007,KO01,新線新宿
2400702,24007,KO02,初台
2400703,24007,KO03,幡ヶ谷
2400704,24007,KO04,笹塚
2500101,25001,OH01,新宿
2500102,25001,OH02,南新宿
2500103,25001,OH03,参宮橋
2500104,25001,OH04,代々木八幡
2500105,25001,OH05,代々木上原
2500106,25001,OH06,東北沢
2500107,25001,OH07,下北沢
2500108,25001,OH08,世田谷代田
2500109,25001,OH09,梅ヶ丘
2500110,25001,OH10,豪徳寺
2500111,25001,OH11,経堂
2500112,25001,OH12,千歳船橋
2500113,25001,OH13,祖師ヶ谷大蔵
2500114,25001,OH14,成城学園前
2500115,25001,OH15,喜多見
2500116,25001,OH16,狛江
2500117,25001,OH17,和泉多摩川
2500118,25001,OH18,登戸
2500119,25001,OH19,向ヶ丘遊園
2500120,25001,OH20,生田
2500121,25001,OH21,読売ランド前
2500122,25001,OH22,百合ヶ丘
2500123,25001,OH23,新百合ヶ丘
2500124,25001,OH24,柿生
2500125,25001,OH25,鶴川
2500126,25001,OH26,玉川学園前
2500127,25001,OH27,町田
2500128,25001,OH28,相模大野
2500129,25001,OH29,小田急相模原
2500130,25001,OH30,相武台前
2500131,25001,OH31,座間
2500132,25001,OH32,海老名
2500133,25001,OH33,厚木
2500134,25001,OH34,本厚木
2500135,25001,OH35,愛甲石田
2500136,25001,OH36,伊勢原
2500137,25001,OH37,鶴巻温泉
2500138,25001,OH38,東海大学前
2500139,25001,OH39,秦野
2500140,25001,OH40,渋沢
2500141,25001,OH41,新松田
2500142,25001,OH42,開成
2500143,25001,OH43,栢山
2500144,25001,OH44,富水
2500145,25001,OH45,螢田
2500146,25001,OH46,足柄
2500147,25001,OH47,小田原
2500201,25002,OH28,相模大野
2500202,25002,OE01,東林間
2500203,25002,OE02,中央林間
2500204,25002,OE03,南林間
2500205,25002,OE04,鶴間
2500206,25002,OE05,大和
2500207,25002,OE06,桜ヶ丘
2500208,25002,OE07,高座渋谷
2500209,25002,OE08,長後
2500210,25002,OE09,湘南台
2500211,25002,OE10,六会日大前
2500212,25002,OE11,善行
2500213,25002,OE12,藤沢本町
2500214,25002,OE13,藤沢
2500215,25002,OE14,本鵠沼
2500216,25002,OE15,鵠沼海岸
2500217,25002,OE16,片瀬江ノ島
2500301,25003,OH23,新百合ヶ丘
2500302,25003,OT01,五月台
2500303,25003,OT02,栗平
2500304,25003,OT03,黒川
2500305,25003,OT04,はるひ野
2500306,25003,OT05,小田急永山
2500307,25003,OT06,小田急多摩センター
2500308,25003,OT07,唐木田
2600101,26001,TY01,渋谷
2600102,26001,TY02,代官山
2600103,26001,TY03,中目黒
2600104,26001,TY04,祐天寺
2600105,26001,TY05,学芸大学
2600106,26001,TY06,都立大学
2600107,26001,TY07,自由が丘
2600108,26001,TY08,田園調布
2600109,26001,TY09,多摩川
2600110,26001,TY10,新丸子
2600111,26001,TY11,武蔵小杉
2600112,26001,TY12,元住吉
2600113,26001,TY13,日吉
2600114,26001,TY14,綱島
2600115,26001,TY15,大倉山
2600116,26001,TY16,菊名
2600117,26001,TY17,妙蓮寺
2600118,26001,TY18,白楽
2600119,26001,TY19,東白楽
2600120,26001,TY20,反町
2600121,26001,TY21,横浜
2600201,26002,MG01,目黒
2600202,26002,MG02,不動前
2600203,26002,MG03,武蔵小山
2600204,26002,MG04,西小山
2600205,26002,MG05,洗足
2600206,26002,MG06,大岡山
2600207,26002,MG07,奥沢
2600208,26002,MG08,田園調布
2600209,26002,MG09,多摩川
2600210,26002,MG10,新丸子
2600211,26002,MG11,武蔵小杉
2600212,26002,MG12,元住吉
2600213,26002,MG13,日吉
2600301,26003,DT01,渋谷
2600302,26003,DT02,池尻大橋
2600303,26003,DT03,三軒茶屋
2600304,26003,DT04,駒沢大学
2600305,26003,DT05,桜新町
2600306,26003,DT06,用賀
2600307,26003,DT07,二子玉川
2600308,26003,DT08,二子新地
2600309,26003,DT09,高津
2600310,26003,DT10,溝の口
2600311,26003,DT11,梶が谷
2600312,26003,DT12,宮崎台
2600313,26003,DT13,宮前平
2600314,26003,DT14,鷺沼
2600315,26003,DT15,たまプラーザ
2600316,26003,DT16,あざみ野
2600317,26003,DT17,江田
2600318,26003,DT18,市が尾
2600319,26003,DT19,藤が丘
2600320,26003,DT20,青葉台
2600321,26003,DT21,田奈
2600322,26003,DT22,長津田
2600323,26003,DT23,つくし野
2600324,26003,DT24,すずかけ台
2600325,26003,DT25,南町田グランベリーパーク
2600326,26003,DT26,つきみ野
2600327,26003,DT27,中央林間
2600401,26004,OM01,大井町
2600402,26004,OM02,下神明
2600403,26004,OM03,戸越公園
2600404,26004,OM04,中延
2600405,26004,OM05,荏原町
2600406,26004,OM06,旗の台
2600407,26004,OM07,北千束
2600408,26004,OM08,大岡山
2600409,26004,OM09,緑が丘
2600410,26004,OM10,自由が丘
2600411,26004,OM11,九品仏
2600412,26004,OM12,尾山台
2600413,26004,OM13,等々力
2600414,26004,OM14,上野毛
2600415,26004,OM15,二子玉川
2600416,26004,DT08,二子新地
2600417,26004,DT09,高津
2600418,26004,OM16,溝の口
2600501,26005,IK01,五反田
2600502,26005,IK02,大崎広小路
2600503,26005,IK03,戸越銀座
2600504,26005,IK04,荏原中延
2600505,26005,IK05,旗の台
2600506,26005,IK06,長原
2600507,26005,IK07,洗足池
2600508,26005,IK08,石川台
2600509,26005,IK09,雪が谷大塚
2600510,26005,IK10,御嶽山
2600511,26005,IK11,久が原
2600512,26005,IK12,千鳥町
2600513,26005,IK13,池上
2600514,26005,IK14,蓮沼
2600515,26005,IK15,蒲田
2600601,26006,TM01,多摩川
2600602,26006,TM02,沼部
2600603,26006,TM03,鵜の木
2600604,26006,TM04,下丸子
2600605,26006,TM05,武蔵新田
2600606,26006,TM06,矢口渡
2600607,26006,TM07,蒲田
2600701,26007,SG01,三軒茶屋
2600702,26007,SG02,西太子堂
2600703,26007,SG03,若林
2600704,26007,SG04,松陰神社前
2600705,26007,SG05,世田谷
2600706,26007,SG06,上町
2600707,26007,SG07,宮の坂
2600708,26007,SG08,山下
2600709,26007,SG09,松原
2600710,26007,SG10,下高井戸
2600801,26008,KD01,長津田
2600802,26008,KD02,恩田
2600803,26008,KD03,こどもの国
2700101,27001,A-07,泉岳寺
2700102,27001,KK01,品川
2700103,27001,KK02,北品川
2700104,27001,KK03,新馬場
2700105,27001,KK04,青物横丁
2700106,27001,KK05,鮫洲
2700107,27001,KK06,立会川
2700108,27001,KK07,大森海岸
2700109,27001,KK08,平和島
2700110,27001,KK09,大森町
2700111,27001,KK10,梅屋敷
2700112,27001,KK11,京急蒲田
2700113,27001,KK18,雑色
2700114,27001,KK19,六郷土手
2700115,27001,KK20,京急川崎
2700116,27001,KK27,八丁畷
2700117,27001,KK28,鶴見市場
2700118,27001,KK29,京急鶴見
2700119,27001,KK30,花月総持寺
2700120,27001,KK31,生麦
2700121,27001,KK32,京急新子安
2700122,27001,KK33,子安
2700123,27001,KK34,神奈川新町
2700124,27001,KK35,京急東神奈川
2700125,27001,KK36,神奈川
2700126,27001,KK37,横浜
2700127,27001,KK38,戸部
2700128,27001,KK39,日ノ出町
2700129,27001,KK40,黄金町
2700130,27001,KK41,南太田
2700131,27001,KK42,井土ヶ谷
2700132,27001,KK43,弘明寺
2700133,27001,KK44,上大岡
2700134,27001,KK45,屏風浦
2700135,27001,KK46,杉田
2700136,27001,KK47,京急富岡
2700137,27001,KK48,能見台
2700138,27001,KK49,金沢文庫
2700139,27001,KK50,金沢八景
2700140,27001,KK54,追浜
2700141,27001,KK55,京急田浦
2700142,27001,KK56,安針塚
2700143,27001,KK57,逸見
2700144,27001,KK58,汐入
2700145,27001,KK59,横須賀中央
2700146,27001,KK60,県立大学
2700147,27001,KK61,堀ノ内
2700148,27001,KK62,京急大津
2700149,27001,KK63,馬堀海岸
2700150,27001,KK64,浦賀
2700201,27002,KK11,京急蒲田
2700202,27002,KK12,糀谷
2700203,27002,KK13,大鳥居
2700204,27002,KK14,穴守稲荷
2700205,27002,KK15,天空橋
2700207,27002,KK16,羽田空港第3ターミナル
2700206,27002,KK17,羽田空港第1・第2ターミナル
2700301,27003,KK20,京急川崎
2700302,27003,KK21,港町
2700303,27003,KK22,鈴木町
2700304,27003,KK23,川崎大師
2700305,27003,KK24,東門前
2700306,27003,KK25,大師橋
2700307,27003,KK26,小島新田
2700401,27004,KK50,金沢八景
2700402,27004,KK51,六浦
2700403,27004,KK52,神武寺
2700404,27004,KK53,逗子・葉山
2700501,27005,KK61,堀ノ内
2700502,27005,KK65,新大津
2700503,27005,KK66,北久里浜
2700504,27005,KK67,京急久里浜
2700505,27005,KK68,ＹＲＰ野比
2700506,27005,KK69,京急長沢
2700507,27005,KK70,津久井浜
2700508,27005,KK71,三浦海岸
2700509,27005,KK72,三崎口
2800101,28001,G-01,浅草
2800102,28001,G-02,田原町
2800103,28001,G-03,稲荷町
2800104,28001,G-04,上野
2800105,28001,G-05,上野広小路
2800106,28001,G-06,末広町
2800107,28001,G-07,神田
2800108,28001,G-08,三越前
2800109,28001,G-09,日本橋
2800110,28001,G-10,京橋
2800111,28001,G-11,銀座
2800112,28001,G-12,新橋
2800113,28001,G-13,虎ノ門
2800114,28001,G-14,溜池山王
2800115,28001,G-15,赤坂見附
2800116,28001,G-16,青山一丁目
2800117,28001,G-17,外苑前
2800118,28001,G-18,表参道
2800119,28001,G-19,渋谷
2800201,2800201,M-25,池袋
2800202,2800201,M-24,新大塚
2800203,2800201,M-23,茗荷谷
2800204,2800201,M-22,後楽園
2800205,2800201,M-21,本郷三丁目
2800206,2800201,M-20,御茶ノ水
2800207,2800201,M-19,淡路町
2800208,2800201,M-18,大手町
2800209,2800201,M-17,東京
2800210,2800201,M-16,銀座
2800211,2800201,M-15,霞ケ関
2800212,2800201,M-14,国会議事堂前
2800213,2800201,M-13,赤坂見附
2800214,2800201,M-12,四ツ谷
2800215,2800201,M-11,四谷三丁目
2800216,2800201,M-10,新宿御苑前
2800217,2800201,M-09,新宿三丁目
2800218,2800201,M-08,新宿
2800219,2800201,M-07,西新宿
2800220,2800201,M-06,中野坂上
2800221,2800201,M-05,新中野
2800222,2800201,M-04,東高円寺
2800223,2800201,M-03,新高円寺
2800224,2800201,M-02,南阿佐ケ谷
2800225,2800201,M-01,荻窪
2800220,2800202,M-06,中野坂上
2800226,2800202,Mb-05,中野新橋
2800227,2800202,Mb-04,中野富士見町
2800228,2800202,Mb-03,方南町
2800301,28003,H-22,北千住
2800302,28003,H-21,南千住
2800303,28003,H-20,三ノ輪
2800304,28003,H-19,入谷
2800305,28003,H-18,上野
2800306,28003,H-17,仲御徒町
2800307,28003,H-16,秋葉原
2800308,28003,H-15,小伝馬町
2800309,28003,H-14,人形町
2800310,28003,H-13,茅場町
2800311,28003,H-12,八丁堀
2800312,28003,H-11,築地
2800313,28003,H-10,東銀座
2800314,28003,H-09,銀座
2800315,28003,H-08,日比谷
2800316,28003,H-07,霞ケ関
2800322,28003,H-06,虎ノ門ヒルズ
2800317,28003,H-05,神谷町
2800318,28003,H-04,六本木
2800319,28003,H-03,広尾
2800320,28003,H-02,恵比寿
2800321,28003,H-01,中目黒
2800401,28004,T-01,中野
2800402,28004,T-02,落合
2800403,28004,T-03,高田馬場
2800404,28004,T-04,早稲田
2800405,28004,T-05,神楽坂
2800406,28004,T-06,飯田橋
2800407,28004,T-07,九段下
2800408,28004,T-08,竹橋
2800409,28004,T-09,大手町
2800410,28004,T-10,日本橋
2800411,28004,T-11,茅場町
2800412,28004,T-12,門前仲町
2800413,28004,T-13,木場
2800414,28004,T-14,東陽町
2800415,28004,T-15,南砂町
2800416,28004,T-16,西葛西
2800417,28004,T-17,葛西
2800418,28004,T-18,浦安
2800419,28004,T-19,南行徳
2800420,28004,T-20,行徳
2800421,28004,T-21,妙典
2800422,28004,T-22,原木中山
2800423,28004,T-23,西船橋
2800501,28005,C-20,北綾瀬
2800502,28005,C-19,綾瀬
2800503,28005,C-18,北千住
2800504,28005,C-17,町屋
2800505,28005,C-16,西日暮里
2800506,28005,C-15,千駄木
2800507,28005,C-14,根津
2800508,28005,C-13,湯島
2800509,28005,C-12,新御茶ノ水
2800510,28005,C-11,大手町
2800511,28005,C-10,二重橋前
2800512,28005,C-09,日比谷
2800513,28005,C-08,霞ケ関
2800514,28005,C-07,国会議事堂前
2800515,28005,C-06,赤坂
2800516,28005,C-05,乃木坂
2800517,28005,C-04,表参道
2800518,28005,C-03,明治神宮前〈原宿〉
2800519,28005,C-02,代々木公園
2800520,28005,C-01,代々木上原
2800601,28006,Y-01,和光市
2800602,28006,Y-02,地下鉄成増
2800603,28006,Y-03,地下鉄赤塚
2800604,28006,Y-04,平和台
2800605,28006,Y-05,氷川台
2800606,28006,Y-06,小竹向原
2800607,28006,Y-07,千川
2800608,28006,Y-08,要町
2800609,28006,Y-09,池袋
2800610,28006,Y-10,東池袋
2800611,28006,Y-11,護国寺
2800612,28006,Y-12,江戸川橋
2800613,28006,Y-13,飯田橋
2800614,28006,Y-14,市ケ谷
2800615,28006,Y-15,麹町
2800616,28006,Y-16,永田町
2800617,28006,Y-17,桜田門
2800618,28006,Y-18,有楽町
2800619,28006,Y-19,銀座一丁目
2800620,28006,Y-20,新富町
2800621,28006,Y-21,月島
2800622,28006,Y-22,豊洲
2800623,28006,Y-23,辰巳
2800624,28006,Y-24,新木場
2800801,28008,Z-01,渋谷
2800802,28008,Z-02,表参道
2800803,28008,Z-03,青山一丁目
2800804,28008,Z-04,永田町
2800805,28008,Z-05,半蔵門
2800806,28008,Z-06,九段下
2800807,28008,Z-07,神保町
2800808,28008,Z-08,大手町
2800809,28008,Z-09,三越前
2800810,28008,Z-10,水天宮前
2800811,28008,Z-11,清澄白河
2800814,28008,Z-12,住吉
2800812,28008,Z-13,錦糸町
2800813,28008,Z-14,押上〈スカイツリー前〉
2800901,28009,N-19,赤羽岩淵
2800902,28009,N-18,志茂
2800903,28009,N-17,王子神谷
2800904,28009,N-16,王子
2800905,28009,N-15,西ケ原
2800906,28009,N-14,駒込
2800907,28009,N-13,本駒込
2800908,28009,N-12,東大前
2800909,28009,N-11,後楽園
2800910,28009,N-10,飯田橋
2800911,28009,N-09,市ケ谷
2800912,28009,N-08,四ツ谷
2800913,28009,N-07,永田町
2800914,28009,N-06,溜池山王
2800915,28009,N-05,六本木一丁目
2800916,28009,N-04,麻布十番
2800917,28009,N-03,白金高輪
2800918,28009,N-02,白金台
2800919,28009,N-01,目黒
2801001,28010,F-01,和光市
2801002,28010,F-02,地下鉄成増
2801003,28010,F-03,地下鉄赤塚
2801004,28010,F-04,平和台
2801005,28010,F-05,氷川台
2801006,28010,F-06,小竹向原
2801007,28010,F-07,千川
2801008,28010,F-08,要町
2801009,28010,F-09,池袋
2801010,28010,F-10,雑司が谷
2801011,28010,F-11,西早稲田
2801012,28010,F-12,東新宿
2801013,28010,F-13,新宿三丁目
2801014,28010,F-14,北参道
2801015,28010,F-15,明治神宮前〈原宿〉
2801016,28010,F-16,渋谷
2900101,29001,SO01,横浜
2900102,29001,SO02,平沼橋
2900103,29001,SO03,西横浜
2900104,29001,SO04,天王町
2900105,29001,SO05,星川
2900106,29001,SO06,和田町
2900107,29001,SO07,上星川
2900108,29001,SO08,西谷
2900109,29001,SO09,鶴ヶ峰
2900110,29001,SO10,二俣川
2900111,29001,SO11,希望ヶ丘
2900112,29001,SO12,三ツ境
2900113,29001,SO13,瀬谷
2900114,29001,SO14,大和
2900115,29001,SO15,相模大塚
2900116,29001,SO16,さがみ野
2900117,29001,SO17,かしわ台
2900118,29001,SO18,海老名
2900201,29002,SO10,二俣川
2900202,29002,SO31,南万騎が原
2900203,29002,SO32,緑園都市
2900204,29002,SO33,弥生台
2900205,29002,SO34,いずみ野
2900206,29002,SO35,いずみ中央
2900207,29002,SO36,ゆめが丘
2900208,29002,SO37,湘南台
2900303,29003,JA11,新宿（相鉄直通線）
2900304,29003,JA10,渋谷（相鉄直通線）
2900305,29003,JA09,恵比寿（相鉄直通線）
2900306,29003,JA08・JS17,大崎（相鉄直通線）
2900307,29003,JS16,西大井（相鉄直通線）
2900308,29003,JS15,武蔵小杉（相鉄直通線）
2900301,29003,SO51,羽沢横浜国大
2900302,29003,SO08,西谷（相鉄直通線）
2900309,29003,SO09,鶴ヶ峰（相鉄直通線）
2900310,29003,SO10,二俣川（相鉄直通線）
2900311,29003,SO11,希望ヶ丘（相鉄直通線）
2900312,29003,SO12,三ツ境（相鉄直通線）
2900313,29003,SO13,瀬谷（相鉄直通線）
2900314,29003,SO14,大和（相鉄直通線）
2900315,29003,SO15,相模大塚（相鉄直通線）
2900316,29003,SO16,さがみ野（相鉄直通線）
2900317,29003,SO17,かしわ台（相鉄直通線）
2900318,29003,SO18,海老名（相鉄直通線）
9930101,99301,E-28,都庁前
9930102,99301,E-01,新宿西口
9930103,99301,E-02,東新宿
9930104,99301,E-03,若松河田
9930105,99301,E-04,牛込柳町
9930106,99301,E-05,牛込神楽坂
9930107,99301,E-06,飯田橋
9930108,99301,E-07,春日
9930109,99301,E-08,本郷三丁目
9930110,99301,E-09,上野御徒町
9930111,99301,E-10,新御徒町
9930112,99301,E-11,蔵前
9930113,99301,E-12,両国
9930114,99301,E-13,森下
9930115,99301,E-14,清澄白河
9930116,99301,E-15,門前仲町
9930117,99301,E-16,月島
9930118,99301,E-17,勝どき
9930119,99301,E-18,築地市場
9930120,99301,E-19,汐留
9930121,99301,E-20,大門
9930122,99301,E-21,赤羽橋
9930123,99301,E-22,麻布十番
9930124,99301,E-23,六本木
9930125,99301,E-24,青山一丁目
9930126,99301,E-25,国立競技場
9930127,99301,E-26,代々木
9930128,99301,E-27,新宿
9930129,99301,E-29,西新宿五丁目
9930130,99301,E-30,中野坂上
9930131,99301,E-31,東中野
9930132,99301,E-32,中井
9930133,99301,E-33,落合南長崎
9930134,99301,E-34,新江古田
9930135,99301,E-35,練馬
9930136,99301,E-36,豊島園
9930137,99301,E-37,練馬春日町
9930138,99301,E-38,光が丘
9930201,99302,A-01,西馬込
9930202,99302,A-02,馬込
9930203,99302,A-03,中延
9930204,99302,A-04,戸越
9930205,99302,A-05,五反田
9930206,99302,A-06,高輪台
9930207,99302,A-07,泉岳寺
9930208,99302,A-08,三田
9930209,99302,A-09,大門
9930210,99302,A-10,新橋
9930211,99302,A-11,東銀座
9930212,99302,A-12,宝町
9930213,99302,A-13,日本橋
9930214,99302,A-14,人形町
9930215,99302,A-15,東日本橋
9930216,99302,A-16,浅草橋
9930217,99302,A-17,蔵前
9930218,99302,A-18,浅草
9930219,99302,A-19,本所吾妻橋
9930220,99302,A-20,押上
9930301,99303,I-01,目黒
9930302,99303,I-02,白金台
9930303,99303,I-03,白金高輪
9930304,99303,I-04,三田
9930305,99303,I-05,芝公園
9930306,99303,I-06,御成門
9930307,99303,I-07,内幸町
9930308,99303,I-08,日比谷
9930309,99303,I-09,大手町
9930310,99303,I-10,神保町
9930311,99303,I-11,水道橋
9930312,99303,I-12,春日
9930313,99303,I-13,白山
9930314,99303,I-14,千石
9930315,99303,I-15,巣鴨
9930316,99303,I-16,西巣鴨
9930317,99303,I-17,新板橋
9930318,99303,I-18,板橋区役所前
9930319,99303,I-19,板橋本町
9930320,99303,I-20,本蓮沼
9930321,99303,I-21,志村坂上
9930322,99303,I-22,志村三丁目
9930323,99303,I-23,蓮根
9930324,99303,I-24,西台
9930325,99303,I-25,高島平
9930326,99303,I-26,新高島平
9930327,99303,I-27,西高島平
9930401,99304,S-01,新宿
9930402,99304,S-02,新宿三丁目
9930403,99304,S-03,曙橋
9930404,99304,S-04,市ヶ谷
9930405,99304,S-05,九段下
9930406,99304,S-06,神保町
9930407,99304,S-07,小川町
9930408,99304,S-08,岩本町
9930409,99304,S-09,馬喰横山
9930410,99304,S-10,浜町
9930411,99304,S-11,森下
9930412,99304,S-12,菊川
9930413,99304,S-13,住吉
9930414,99304,S-14,西大島
9930415,99304,S-15,大島
9930416,99304,S-16,東大島
9930417,99304,S-17,船堀
9930418,99304,S-18,一之江
9930419,99304,S-19,瑞江
9930420,99304,S-20,篠崎
9930421,99304,S-21,本八幡
9930501,99305,SA01,三ノ輪橋
9930502,99305,SA02,荒川一中前
9930503,99305,SA03,荒川区役所前
9930504,99305,SA04,荒川二丁目
9930505,99305,SA05,荒川七丁目
9930506,99305,SA06,町屋駅前
9930507,99305,SA07,町屋二丁目
9930508,99305,SA08,東尾久三丁目
9930509,99305,SA09,熊野前
9930510,99305,SA10,宮ノ前
9930511,99305,SA11,小台
9930512,99305,SA12,荒川遊園地前
9930513,99305,SA13,荒川車庫前
9930514,99305,SA14,梶原
9930515,99305,SA15,栄町
9930516,99305,SA16,王子駅前
9930517,99305,SA17,飛鳥山
9930518,99305,SA18,滝野川一丁目
9930519,99305,SA19,西ヶ原四丁目
9930520,99305,SA20,新庚申塚
9930521,99305,SA21,庚申塚
9930522,99305,SA22,巣鴨新田
9930523,99305,SA23,大塚駅前
9930524,99305,SA24,向原
9930525,99305,SA25,東池袋四丁目
9930526,99305,SA26,都電雑司ヶ谷
9930527,99305,SA27,鬼子母神前
9930528,99305,SA28,学習院下
9930529,99305,SA29,面影橋
9930530,99305,SA30,早稲田
9930701,99307,SR19,赤羽岩淵
9930702,99307,SR20,川口元郷
9930703,99307,SR21,南鳩ヶ谷
9930704,99307,SR22,鳩ヶ谷
9930705,99307,SR23,新井宿
9930706,99307,SR24,戸塚安行
9930707,99307,SR25,東川口
9930708,99307,SR26,浦和美園
9930901,99309,TX01,秋葉原
9930902,99309,TX02,新御徒町
9930903,99309,TX03,浅草
9930904,99309,TX04,南千住
9930905,99309,TX05,北千住
9930906,99309,TX06,青井
9930907,99309,TX07,六町
9930908,99309,TX08,八潮
9930909,99309,TX09,三郷中央
9930910,99309,TX10,南流山
9930911,99309,TX11,流山セントラルパーク
9930912,99309,TX12,流山おおたかの森
9930913,99309,TX13,柏の葉キャンパス
9930914,99309,TX14,柏たなか
9930915,99309,TX15,守谷
9930916,99309,TX16,みらい平
9930917,99309,TX17,みどりの
9930918,99309,TX18,万博記念公園
9930919,99309,TX19,研究学園
9930920,99309,TX20,つくば
9931001,99310,MM01,横浜
9931002,99310,MM02,新高島
9931003,99310,MM03,みなとみらい
9931004,99310,MM04,馬車道
9931005,99310,MM05,日本大通り
9931006,99310,MM06,元町・中華街
9931101,99311,U-01,新橋
9931102,99311,U-02,汐留
9931103,99311,U-03,竹芝
9931104,99311,U-04,日の出
9931105,99311,U-05,芝浦ふ頭
9931106,99311,U-06,お台場海浜公園
9931107,99311,U-07,台場
9931108,99311,U-08,東京国際クルーズターミナル
9931109,99311,U-09,テレコムセンター
9931110,99311,U-10,青海
9931111,99311,U-11,東京ビッグサイト
9931112,99311,U-12,有明
9931113,99311,U-13,有明テニスの森
9931114,99311,U-14,市場前
9931115,99311,U-15,新豊洲
9931116,99311,U-16,豊洲
9931601,99316,B-01,あざみ野
9931602,99316,B-02,中川
9931603,99316,B-03,センター北
9931604,99316,B-04,センター南
9931605,99316,B-05,仲町台
9931606,99316,B-06,新羽
9931607,99316,B-07,北新横浜
9931608,99316,B-08,新横浜
9931609,99316,B-09,岸根公園
9931610,99316,B-10,片倉町
9931611,99316,B-11,三ツ沢上町
9931612,99316,B-12,三ツ沢下町
9931613,99316,B-13,横浜
9931614,99316,B-14,高島町
9931615,99316,B-15,桜木町
9931616,99316,B-16,関内
9931617,99316,B-17,伊勢佐木長者町
9931618,99316,B-18,阪東橋
9931619,99316,B-19,吉野町
9931620,99316,B-20,蒔田
9931621,99316,B-21,弘明寺
9931622,99316,B-22,上大岡
9931623,99316,B-23,港南中央
9931624,99316,B-24,上永谷
9931625,99316,B-25,下永谷
9931626,99316,B-26,舞岡
9931627,99316,B-27,戸塚
9931628,99316,B-28,踊場
9931629,99316,B-29,中田
9931630,99316,B-30,立場
9931631,99316,B-31,下飯田
9931632,99316,B-32,湘南台
9932001,99320,EN01,藤沢
9932002,99320,EN02,石上
9932003,99320,EN03,柳小路
9932004,99320,EN04,鵠沼
9932005,99320,EN05,湘南海岸公園
9932006,99320,EN06,江ノ島
9932007,99320,EN07,腰越
9932008,99320,EN08,鎌倉高校前
9932009,99320,EN09,七里ヶ浜
9932010,99320,EN10,稲村ヶ崎
9932011,99320,EN11,極楽寺
9932012,99320,EN12,長谷
9932013,99320,EN13,由比ヶ浜
9932014,99320,EN14,和田塚
9932015,99320,EN15,鎌倉
9932101,99321,NS01,大宮
9932102,99321,NS02,鉄道博物館
9932103,99321,NS03,加茂宮
9932104,99321,NS04,東宮原
9932105,99321,NS05,今羽
9932106,99321,NS06,吉野原
9932107,99321,NS07,原市
9932108,99321,NS08,沼南
9932109,99321,NS09,丸山
9932110,99321,NS10,志久
9932111,99321,NS11,伊奈中央
9932112,99321,NS12,羽貫
9932113,99321,NS13,内宿
9932401,99324,KS44,東成田
9932402,99324,SR01,芝山千代田
9932601,99326,SMR1,大船
9932602,99326,SMR2,富士見町
9932603,99326,SMR3,湘南町屋
9932604,99326,SMR4,湘南深沢
9932605,99326,SMR5,西鎌倉
9932606,99326,SMR6,片瀬山
9932607,99326,SMR7,目白山下
9932608,99326,SMR8,湘南江の島
9932901,99329,SL24,京成津田沼
9932902,99329,SL23,新津田沼
9932903,99329,SL22,前原
9932904,99329,SL21,薬園台
9932905,99329,SL20,習志野
9932906,99329,SL19,北習志野
9932907,99329,SL18,高根木戸
9932908,99329,SL17,高根公団
9932909,99329,SL16,滝不動
9932910,99329,SL15,三咲
9932911,99329,SL14,二和向台
9932912,99329,SL13,鎌ヶ谷大仏
9932913,99329,SL12,初富
9932914,99329,SL11,新鎌ヶ谷
9932915,99329,SL10,北初富
9932916,99329,SL09,くぬぎ山
9932917,99329,SL08,元山
9932918,99329,SL07,五香
9932919,99329,SL06,常盤平
9932920,99329,SL05,八柱
9932921,99329,SL04,みのり台
9932922,99329,SL03,松戸新田
9932923,99329,SL02,上本郷
9932924,99329,SL01,松戸
9933101,99331,CM01,千葉みなと
9933102,99331,CM02,市役所前
9933103,99331,CM03,千葉
9933104,99331,CM16,栄町
9933105,99331,CM17,葭川公園
9933106,99331,CM18,県庁前
9933201,99332,CM03,千葉
9933202,99332,CM04,千葉公園
9933203,99332,CM05,作草部
9933204,99332,CM06,天台
9933205,99332,CM07,穴川
9933206,99332,CM08,スポーツセンター
9933207,99332,CM09,動物公園
9933208,99332,CM10,みつわ台
9933209,99332,CM11,都賀
9933210,99332,CM12,桜木
9933211,99332,CM13,小倉台
9933212,99332,CM14,千城台北
9933213,99332,CM15,千城台
9933301,99333,RN1,馬橋
9933302,99333,RN2,幸谷
9933303,99333,RN3,小金城趾
9933304,99333,RN4,鰭ヶ崎
9933305,99333,RN5,平和台
9933306,99333,RN6,流山
9933401,99334,TT01,多摩センター
9933402,99334,TT02,松が谷
9933403,99334,TT03,大塚・帝京大学
9933404,99334,TT04,中央大学・明星大学
9933405,99334,TT05,多摩動物公園
9933406,99334,TT06,程久保
9933407,99334,TT07,高幡不動
9933408,99334,TT08,万願寺
9933409,99334,TT09,甲州街道
9933410,99334,TT10,柴崎体育館
9933411,99334,TT11,立川南
9933412,99334,TT12,立川北
9933413,99334,TT13,高松
9933414,99334,TT14,立飛
9933415,99334,TT15,泉体育館
9933416,99334,TT16,砂川七番
9933417,99334,TT17,玉川上水
9933418,99334,TT18,桜街道
9933419,99334,TT19,上北台
9933501,99335,CD01,銚子
9933502,99335,CD02,仲ノ町
9933503,99335,CD03,観音
9933504,99335,CD04,本銚子
9933505,99335,CD05,笠上黒生
9933506,99335,CD06,西海鹿島
9933507,99335,CD07,海鹿島
9933508,99335,CD08,君ヶ浜
9933509,99335,CD09,犬吠
9933510,99335,CD10,外川
9933601,99336,MO01,浜松町
9933602,99336,MO02,天王洲アイル
9933603,99336,MO03,大井競馬場前
9933604,99336,MO04,流通センター
9933605,99336,MO05,昭和島
9933606,99336,MO06,整備場
9933607,99336,MO07,天空橋
9933611,99336,MO08,羽田空港第3ターミナル
9933608,99336,MO09,新整備場
9933609,99336,MO10,羽田空港第1ターミナル
9933610,99336,MO11,羽田空港第2ターミナル
9933701,99337,R-01,新木場
9933702,99337,R-02,東雲
9933703,99337,R-03,国際展示場
9933704,99337,R-04,東京テレポート
9933705,99337,R-05,天王洲アイル
9933706,99337,R-06,品川シーサイド
9933707,99337,R-07,大井町
9933708,99337,R-08,大崎
9933801,99338,TR01,西船橋
9933802,99338,TR02,東海神
9933803,99338,TR03,飯山満
9933804,99338,TR04,北習志野
9933805,99338,TR05,船橋日大前
9933806,99338,TR06,八千代緑が丘
9933807,99338,TR07,八千代中央
9933808,99338,TR08,村上
9933809,99338,TR09,東葉勝田台
9933901,99339,OH47,小田原
9933902,99339,OH48,箱根板橋
9933903,99339,OH49,風祭
9933904,99339,OH50,入生田
9933905,99339,OH51,箱根湯本
9933906,99339,OH52,塔ノ沢
9933907,99339,OH53,大平台
9933908,99339,OH54,宮ノ下
9933909,99339,OH55,小涌谷
9933910,99339,OH56,彫刻の森
9933911,99339,OH57,強羅
9934001,99340,KS10,京成高砂
9934002,99340,HS01,新柴又
9934003,99340,HS02,矢切
9934004,99340,HS03,北国分
9934005,99340,HS04,秋山
9934006,99340,HS05,東松戸
9934007,99340,HS06,松飛台
9934008,99340,HS07,大町
9934009,99340,HS08,新鎌ヶ谷
9934010,99340,HS09,西白井
9934011,99340,HS10,白井
9934012,99340,HS11,小室
9934013,99340,HS12,千葉ニュータウン中央
9934014,99340,HS13,印西牧の原
9934015,99340,HS14,印旛日本医大
9934201,99342,NT01,日暮里
9934202,99342,NT02,西日暮里
9934203,99342,NT03,赤土小学校前
9934204,99342,NT04,熊野前
9934205,99342,NT05,足立小台
9934206,99342,NT06,扇大橋
9934207,99342,NT07,高野
9934208,99342,NT08,江北
9934209,99342,NT09,西新井大師西
9934210,99342,NT10,谷在家
9934211,99342,NT11,舎人公園
9934212,99342,NT12,舎人
9934213,99342,NT13,見沼代親水公園
9934301,99343,G-01,中山
9934302,99343,G-02,川和町
9934303,99343,G-03,都筑ふれあいの丘
9934304,99343,G-04,センター南
9934305,99343,G-05,センター北
9934306,99343,G-06,北山田
9934307,99343,G-07,東山田
9934308,99343,G-08,高田
9934309,99343,G-09,日吉本町
9934310,99343,G-10,日吉
9940101,99401,FJ01,大月
9940102,99401,FJ02,上大月
9940103,99401,FJ03,田野倉
9940104,99401,FJ04,禾生
9940105,99401,FJ05,赤坂
9940106,99401,FJ06,都留市
9940107,99401,FJ07,谷村町
9940108,99401,FJ08,都留文科大学前
9940109,99401,FJ09,十日市場
9940110,99401,FJ10,東桂
9940111,99401,FJ11,三つ峠
9940112,99401,FJ12,寿
9940113,99401,FJ13,葭池温泉前
9940114,99401,FJ14,下吉田
9940115,99401,FJ15,月江寺
9940116,99401,FJ16,富士山
9940117,99401,FJ17,富士急ハイランド
9940118,99401,FJ18,河口湖
